{
  "project_info": {
    "project_number": "918064221433",
    "project_id": "crudoperationsfirebase-61d1d",
    "storage_bucket": "crudoperationsfirebase-61d1d.appspot.com"
  },
  "client": [
    {
      "client_info": {
        "mobilesdk_app_id": "1:918064221433:android:14ead9a52b91d1bce9e628",
        "android_client_info": {
          "package_name": "com.example.crudoperationsfirebase"
        }
      },
      "oauth_client": [
        {
          "client_id": "918064221433-c5q1u4tcl39a9jf1fqu931slmmi6eo8l.apps.googleusercontent.com",
          "client_type": 3
        }
      ],
      "api_key": [
        {
          "current_key": "AIzaSyC3P-zvot0fTCIrbYlNBlcG4D0YFPPn75A"
        }
      ],
      "services": {
        "appinvite_service": {
          "other_platform_oauth_client": [
            {
              "client_id": "918064221433-c5q1u4tcl39a9jf1fqu931slmmi6eo8l.apps.googleusercontent.com",
              "client_type": 3
            }
          ]
        }
      }
    }
  ],
  "configuration_version": "1"
}